study,home_id,e_id,a_id,start,stop,area_id_1,area_id_2,area_str_1,area_str_2
OHSU-CART,1111,0,0,13/8/2019 9:19,29/6/2020 23:59,5,19,Bedroom 2,Hallway 1
OHSU-CART,1111,0,0,13/8/2019 9:19,29/6/2020 23:59,4,19,Bedroom 1,Hallway 1
OHSU-CART,1111,0,0,13/8/2019 9:19,29/6/2020 23:59,2,19,Bathroom 2,Hallway 1
OHSU-CART,1111,0,0,13/8/2019 9:19,29/6/2020 23:59,19,33,Hallway 1,Office 1
OHSU-CART,1111,0,0,13/8/2019 9:19,29/6/2020 23:59,19,29,Hallway 1,Living Room 1
OHSU-CART,1111,0,0,13/8/2019 9:19,29/6/2020 23:59,19,63,Hallway 1,Sensor Line
OHSU-CART,1111,0,0,13/8/2019 9:19,29/6/2020 23:59,13,19,Dining Room 1,Hallway 1
OHSU-CART,1111,0,0,13/8/2019 9:19,29/6/2020 23:59,13,23,Dining Room 1,Kitchen 1
OHSU-CART,1111,0,0,13/8/2019 9:19,29/6/2020 23:59,13,57,Dining Room 1,Back Door
OHSU-CART,1111,0,0,13/8/2019 9:19,29/6/2020 23:59,29,56,Living Room 1,Front Door
OHSU-CART,1111,0,0,13/8/2019 9:19,29/6/2020 23:59,1,4,Bathroom 1,Bedroom 1
OHSU-CART,1111,0,0,13/8/2019 9:19,29/6/2020 23:59,23,29,Kitchen 1,Living Room 1
OHSU-CART,1111,0,0,13/8/2019 9:19,29/6/2020 23:59,29,61,Living Room 1,Garage Door
OHSU-CART,1111,0,1,13/8/2019 9:19,13/8/2019 9:19,19,33,Hallway 1,Office 1
OHSU-CART,1111,0,1,13/8/2019 9:19,13/8/2019 9:19,29,56,Living Room 1,Front Door
OHSU-CART,1111,0,1,13/8/2019 9:19,13/8/2019 9:19,29,61,Living Room 1,Garage Door
OHSU-CART,1111,0,1,13/8/2019 9:19,13/8/2019 9:19,13,57,Dining Room 1,Back Door
OHSU-CART,1111,0,1,13/8/2019 9:19,13/8/2019 9:19,19,63,Hallway 1,Sensor Line
OHSU-CART,1111,0,1,13/8/2019 9:19,13/8/2019 9:19,13,23,Dining Room 1,Kitchen 1
OHSU-CART,1111,0,1,13/8/2019 9:19,13/8/2019 9:19,23,29,Kitchen 1,Living Room 1
OHSU-CART,1111,0,1,13/8/2019 9:19,13/8/2019 9:19,13,19,Dining Room 1,Hallway 1
OHSU-CART,1111,0,1,13/8/2019 9:19,13/8/2019 9:19,5,19,Bedroom 2,Hallway 1
OHSU-CART,1111,0,1,13/8/2019 9:19,13/8/2019 9:19,4,19,Bedroom 1,Hallway 1
OHSU-CART,1111,0,1,13/8/2019 9:19,13/8/2019 9:19,1,4,Bathroom 1,Bedroom 1
OHSU-CART,1111,0,1,13/8/2019 9:19,13/8/2019 9:19,19,29,Hallway 1,Living Room 1
OHSU-CART,1111,0,1,13/8/2019 9:19,13/8/2019 9:19,2,19,Bathroom 2,Hallway 1
OHSU-CART,1111,0,2,18/7/2018 15:26,13/8/2019 9:19,4,19,Bedroom 1,Hallway 1
OHSU-CART,1111,0,2,18/7/2018 15:26,13/8/2019 9:19,1,4,Bathroom 1,Bedroom 1
OHSU-CART,1111,0,2,18/7/2018 15:26,13/8/2019 9:19,13,57,Dining Room 1,Back Door
OHSU-CART,1111,0,2,18/7/2018 15:26,13/8/2019 9:19,13,19,Dining Room 1,Hallway 1
OHSU-CART,1111,0,2,18/7/2018 15:26,13/8/2019 9:19,13,23,Dining Room 1,Kitchen 1
OHSU-CART,1111,0,2,18/7/2018 15:26,13/8/2019 9:19,5,19,Bedroom 2,Hallway 1
OHSU-CART,1111,0,2,18/7/2018 15:26,13/8/2019 9:19,2,19,Bathroom 2,Hallway 1
OHSU-CART,1111,0,2,18/7/2018 15:26,13/8/2019 9:19,19,29,Hallway 1,Living Room 1
OHSU-CART,1111,0,2,18/7/2018 15:26,13/8/2019 9:19,19,63,Hallway 1,Sensor Line
OHSU-CART,1111,0,2,18/7/2018 15:26,13/8/2019 9:19,19,33,Hallway 1,Office 1
OHSU-CART,1111,0,2,18/7/2018 15:26,13/8/2019 9:19,29,56,Living Room 1,Front Door
OHSU-CART,1111,0,2,18/7/2018 15:26,13/8/2019 9:19,23,29,Kitchen 1,Living Room 1
OHSU-CART,1111,0,2,18/7/2018 15:26,13/8/2019 9:19,29,61,Living Room 1,Garage Door
OHSU-CART,1111,0,3,18/7/2018 15:26,18/7/2018 15:26,29,61,Living Room 1,Garage Door
OHSU-CART,1111,0,3,18/7/2018 15:26,18/7/2018 15:26,23,29,Kitchen 1,Living Room 1
OHSU-CART,1111,0,3,18/7/2018 15:26,18/7/2018 15:26,19,29,Hallway 1,Living Room 1
OHSU-CART,1111,0,3,18/7/2018 15:26,18/7/2018 15:26,29,56,Living Room 1,Front Door
OHSU-CART,1111,0,3,18/7/2018 15:26,18/7/2018 15:26,13,23,Dining Room 1,Kitchen 1
OHSU-CART,1111,0,3,18/7/2018 15:26,18/7/2018 15:26,1,4,Bathroom 1,Bedroom 1
OHSU-CART,1111,0,3,18/7/2018 15:26,18/7/2018 15:26,4,19,Bedroom 1,Hallway 1
OHSU-CART,1111,0,3,18/7/2018 15:26,18/7/2018 15:26,2,19,Bathroom 2,Hallway 1
OHSU-CART,1111,0,3,18/7/2018 15:26,18/7/2018 15:26,19,63,Hallway 1,Sensor Line
OHSU-CART,1111,0,3,18/7/2018 15:26,18/7/2018 15:26,19,33,Hallway 1,Office 1
OHSU-CART,1111,0,3,18/7/2018 15:26,18/7/2018 15:26,5,19,Bedroom 2,Hallway 1
OHSU-CART,1111,0,3,18/7/2018 15:26,18/7/2018 15:26,13,19,Dining Room 1,Hallway 1
OHSU-CART,1111,0,3,18/7/2018 15:26,18/7/2018 15:26,13,57,Dining Room 1,Back Door
OHSU-CART,1111,0,4,18/7/2018 15:25,18/7/2018 15:26,19,63,Hallway 1,Sensor Line
OHSU-CART,1111,0,4,18/7/2018 15:25,18/7/2018 15:26,2,19,Bathroom 2,Hallway 1
OHSU-CART,1111,0,4,18/7/2018 15:25,18/7/2018 15:26,13,23,Dining Room 1,Kitchen 1
OHSU-CART,1111,0,4,18/7/2018 15:25,18/7/2018 15:26,23,29,Kitchen 1,Living Room 1
OHSU-CART,1111,0,4,18/7/2018 15:25,18/7/2018 15:26,4,19,Bedroom 1,Hallway 1
OHSU-CART,1111,0,4,18/7/2018 15:25,18/7/2018 15:26,1,4,Bathroom 1,Bedroom 1
OHSU-CART,1111,0,4,18/7/2018 15:25,18/7/2018 15:26,19,29,Hallway 1,Living Room 1
OHSU-CART,1111,0,4,18/7/2018 15:25,18/7/2018 15:26,29,61,Living Room 1,Garage Door
OHSU-CART,1111,0,4,18/7/2018 15:25,18/7/2018 15:26,29,56,Living Room 1,Front Door
OHSU-CART,1111,0,4,18/7/2018 15:25,18/7/2018 15:26,19,33,Hallway 1,Office 1
OHSU-CART,1111,0,4,18/7/2018 15:25,18/7/2018 15:26,13,19,Dining Room 1,Hallway 1
OHSU-CART,1111,0,4,18/7/2018 15:25,18/7/2018 15:26,13,57,Dining Room 1,Back Door
OHSU-CART,1111,0,4,18/7/2018 15:25,18/7/2018 15:26,5,19,Bedroom 2,Hallway 1
OHSU-CART,1111,0,5,18/7/2018 15:25,18/7/2018 15:25,29,61,Living Room 1,Garage Door
OHSU-CART,1111,0,5,18/7/2018 15:25,18/7/2018 15:25,13,19,Dining Room 1,Hallway 1
OHSU-CART,1111,0,5,18/7/2018 15:25,18/7/2018 15:25,13,23,Dining Room 1,Kitchen 1
OHSU-CART,1111,0,5,18/7/2018 15:25,18/7/2018 15:25,13,57,Dining Room 1,Back Door
OHSU-CART,1111,0,5,18/7/2018 15:25,18/7/2018 15:25,23,29,Kitchen 1,Living Room 1
OHSU-CART,1111,0,5,18/7/2018 15:25,18/7/2018 15:25,19,29,Hallway 1,Living Room 1
OHSU-CART,1111,0,5,18/7/2018 15:25,18/7/2018 15:25,29,56,Living Room 1,Front Door
OHSU-CART,1111,0,5,18/7/2018 15:25,18/7/2018 15:25,4,19,Bedroom 1,Hallway 1
OHSU-CART,1111,0,5,18/7/2018 15:25,18/7/2018 15:25,1,4,Bathroom 1,Bedroom 1
OHSU-CART,1111,0,5,18/7/2018 15:25,18/7/2018 15:25,2,19,Bathroom 2,Hallway 1
OHSU-CART,1111,0,5,18/7/2018 15:25,18/7/2018 15:25,19,63,Hallway 1,Sensor Line
OHSU-CART,1111,0,5,18/7/2018 15:25,18/7/2018 15:25,5,19,Bedroom 2,Hallway 1
OHSU-CART,1111,0,5,18/7/2018 15:25,18/7/2018 15:25,19,33,Hallway 1,Office 1
OHSU-CART,1111,0,6,18/7/2018 15:25,18/7/2018 15:25,19,33,Hallway 1,Office 1
OHSU-CART,1111,0,6,18/7/2018 15:25,18/7/2018 15:25,13,57,Dining Room 1,Back Door
OHSU-CART,1111,0,6,18/7/2018 15:25,18/7/2018 15:25,2,19,Bathroom 2,Hallway 1
OHSU-CART,1111,0,6,18/7/2018 15:25,18/7/2018 15:25,4,19,Bedroom 1,Hallway 1
OHSU-CART,1111,0,6,18/7/2018 15:25,18/7/2018 15:25,5,19,Bedroom 2,Hallway 1
OHSU-CART,1111,0,6,18/7/2018 15:25,18/7/2018 15:25,13,19,Dining Room 1,Hallway 1
OHSU-CART,1111,0,6,18/7/2018 15:25,18/7/2018 15:25,19,63,Hallway 1,Sensor Line
OHSU-CART,1111,0,6,18/7/2018 15:25,18/7/2018 15:25,19,29,Hallway 1,Living Room 1
OHSU-CART,1111,0,6,18/7/2018 15:25,18/7/2018 15:25,1,4,Bathroom 1,Bedroom 1
OHSU-CART,1111,0,6,18/7/2018 15:25,18/7/2018 15:25,23,29,Kitchen 1,Living Room 1
OHSU-CART,1111,0,6,18/7/2018 15:25,18/7/2018 15:25,29,56,Living Room 1,Front Door
OHSU-CART,1111,0,6,18/7/2018 15:25,18/7/2018 15:25,29,61,Living Room 1,Garage Door
OHSU-CART,1111,0,6,18/7/2018 15:25,18/7/2018 15:25,13,23,Dining Room 1,Kitchen 1
OHSU-CART,1111,0,7,18/7/2018 15:25,18/7/2018 15:25,23,29,Kitchen 1,Living Room 1
OHSU-CART,1111,0,7,18/7/2018 15:25,18/7/2018 15:25,19,29,Hallway 1,Living Room 1
OHSU-CART,1111,0,7,18/7/2018 15:25,18/7/2018 15:25,29,61,Living Room 1,Garage Door
OHSU-CART,1111,0,7,18/7/2018 15:25,18/7/2018 15:25,29,56,Living Room 1,Front Door
OHSU-CART,1111,0,7,18/7/2018 15:25,18/7/2018 15:25,1,4,Bathroom 1,Bedroom 1
OHSU-CART,1111,0,7,18/7/2018 15:25,18/7/2018 15:25,4,19,Bedroom 1,Hallway 1
OHSU-CART,1111,0,7,18/7/2018 15:25,18/7/2018 15:25,2,19,Bathroom 2,Hallway 1
OHSU-CART,1111,0,7,18/7/2018 15:25,18/7/2018 15:25,13,19,Dining Room 1,Hallway 1
OHSU-CART,1111,0,7,18/7/2018 15:25,18/7/2018 15:25,13,57,Dining Room 1,Back Door
OHSU-CART,1111,0,7,18/7/2018 15:25,18/7/2018 15:25,13,23,Dining Room 1,Kitchen 1
OHSU-CART,1111,0,7,18/7/2018 15:25,18/7/2018 15:25,19,63,Hallway 1,Sensor Line
OHSU-CART,1111,0,7,18/7/2018 15:25,18/7/2018 15:25,5,19,Bedroom 2,Hallway 1
OHSU-CART,1111,0,7,18/7/2018 15:25,18/7/2018 15:25,19,33,Hallway 1,Office 1
OHSU-CART,1111,0,8,18/7/2018 15:25,18/7/2018 15:25,13,19,Dining Room 1,Hallway 1
OHSU-CART,1111,0,8,18/7/2018 15:25,18/7/2018 15:25,13,23,Dining Room 1,Kitchen 1
OHSU-CART,1111,0,8,18/7/2018 15:25,18/7/2018 15:25,13,57,Dining Room 1,Back Door
OHSU-CART,1111,0,8,18/7/2018 15:25,18/7/2018 15:25,1,4,Bathroom 1,Bedroom 1
OHSU-CART,1111,0,8,18/7/2018 15:25,18/7/2018 15:25,4,19,Bedroom 1,Hallway 1
OHSU-CART,1111,0,8,18/7/2018 15:25,18/7/2018 15:25,29,56,Living Room 1,Front Door
OHSU-CART,1111,0,8,18/7/2018 15:25,18/7/2018 15:25,19,33,Hallway 1,Office 1
OHSU-CART,1111,0,8,18/7/2018 15:25,18/7/2018 15:25,19,63,Hallway 1,Sensor Line
OHSU-CART,1111,0,8,18/7/2018 15:25,18/7/2018 15:25,5,19,Bedroom 2,Hallway 1
OHSU-CART,1111,0,8,18/7/2018 15:25,18/7/2018 15:25,23,29,Kitchen 1,Living Room 1
OHSU-CART,1111,0,8,18/7/2018 15:25,18/7/2018 15:25,19,29,Hallway 1,Living Room 1
OHSU-CART,1111,0,8,18/7/2018 15:25,18/7/2018 15:25,29,61,Living Room 1,Garage Door
OHSU-CART,1111,0,8,18/7/2018 15:25,18/7/2018 15:25,2,19,Bathroom 2,Hallway 1
OHSU-CART,1111,0,9,18/7/2018 15:25,18/7/2018 15:25,13,57,Dining Room 1,Back Door
OHSU-CART,1111,0,9,18/7/2018 15:25,18/7/2018 15:25,4,19,Bedroom 1,Hallway 1
OHSU-CART,1111,0,9,18/7/2018 15:25,18/7/2018 15:25,1,4,Bathroom 1,Bedroom 1
OHSU-CART,1111,0,9,18/7/2018 15:25,18/7/2018 15:25,29,56,Living Room 1,Front Door
OHSU-CART,1111,0,9,18/7/2018 15:25,18/7/2018 15:25,13,23,Dining Room 1,Kitchen 1
OHSU-CART,1111,0,9,18/7/2018 15:25,18/7/2018 15:25,23,29,Kitchen 1,Living Room 1
OHSU-CART,1111,0,9,18/7/2018 15:25,18/7/2018 15:25,5,19,Bedroom 2,Hallway 1
OHSU-CART,1111,0,9,18/7/2018 15:25,18/7/2018 15:25,19,63,Hallway 1,Sensor Line
OHSU-CART,1111,0,9,18/7/2018 15:25,18/7/2018 15:25,29,61,Living Room 1,Garage Door
OHSU-CART,1111,0,9,18/7/2018 15:25,18/7/2018 15:25,2,19,Bathroom 2,Hallway 1
OHSU-CART,1111,0,9,18/7/2018 15:25,18/7/2018 15:25,19,33,Hallway 1,Office 1
OHSU-CART,1111,0,9,18/7/2018 15:25,18/7/2018 15:25,19,29,Hallway 1,Living Room 1
OHSU-CART,1111,0,9,18/7/2018 15:25,18/7/2018 15:25,13,19,Dining Room 1,Hallway 1
OHSU-CART,1111,0,10,18/7/2018 15:25,18/7/2018 15:25,13,19,Dining Room 1,Hallway 1
OHSU-CART,1111,0,10,18/7/2018 15:25,18/7/2018 15:25,13,23,Dining Room 1,Kitchen 1
OHSU-CART,1111,0,10,18/7/2018 15:25,18/7/2018 15:25,13,57,Dining Room 1,Back Door
OHSU-CART,1111,0,10,18/7/2018 15:25,18/7/2018 15:25,5,19,Bedroom 2,Hallway 1
OHSU-CART,1111,0,10,18/7/2018 15:25,18/7/2018 15:25,1,4,Bathroom 1,Bedroom 1
OHSU-CART,1111,0,10,18/7/2018 15:25,18/7/2018 15:25,19,63,Hallway 1,Sensor Line
OHSU-CART,1111,0,10,18/7/2018 15:25,18/7/2018 15:25,23,29,Kitchen 1,Living Room 1
OHSU-CART,1111,0,10,18/7/2018 15:25,18/7/2018 15:25,2,19,Bathroom 2,Hallway 1
OHSU-CART,1111,0,10,18/7/2018 15:25,18/7/2018 15:25,4,19,Bedroom 1,Hallway 1
OHSU-CART,1111,0,10,18/7/2018 15:25,18/7/2018 15:25,19,29,Hallway 1,Living Room 1
OHSU-CART,1111,0,10,18/7/2018 15:25,18/7/2018 15:25,19,33,Hallway 1,Office 1
OHSU-CART,1111,0,10,18/7/2018 15:25,18/7/2018 15:25,29,61,Living Room 1,Garage Door
OHSU-CART,1111,0,10,18/7/2018 15:25,18/7/2018 15:25,29,56,Living Room 1,Front Door
OHSU-CART,1111,0,11,18/7/2018 15:24,18/7/2018 15:25,29,56,Living Room 1,Front Door
OHSU-CART,1111,0,11,18/7/2018 15:24,18/7/2018 15:25,23,29,Kitchen 1,Living Room 1
OHSU-CART,1111,0,11,18/7/2018 15:24,18/7/2018 15:25,19,29,Hallway 1,Living Room 1
OHSU-CART,1111,0,11,18/7/2018 15:24,18/7/2018 15:25,29,61,Living Room 1,Garage Door
OHSU-CART,1111,0,11,18/7/2018 15:24,18/7/2018 15:25,1,4,Bathroom 1,Bedroom 1
OHSU-CART,1111,0,11,18/7/2018 15:24,18/7/2018 15:25,5,19,Bedroom 2,Hallway 1
OHSU-CART,1111,0,11,18/7/2018 15:24,18/7/2018 15:25,19,63,Hallway 1,Sensor Line
OHSU-CART,1111,0,11,18/7/2018 15:24,18/7/2018 15:25,19,33,Hallway 1,Office 1
OHSU-CART,1111,0,11,18/7/2018 15:24,18/7/2018 15:25,2,19,Bathroom 2,Hallway 1
OHSU-CART,1111,0,11,18/7/2018 15:24,18/7/2018 15:25,4,19,Bedroom 1,Hallway 1
OHSU-CART,1111,0,11,18/7/2018 15:24,18/7/2018 15:25,13,19,Dining Room 1,Hallway 1
OHSU-CART,1111,0,11,18/7/2018 15:24,18/7/2018 15:25,13,23,Dining Room 1,Kitchen 1
OHSU-CART,1111,0,11,18/7/2018 15:24,18/7/2018 15:25,13,57,Dining Room 1,Back Door
OHSU-CART,1111,0,12,18/7/2018 15:24,18/7/2018 15:24,29,61,Living Room 1,Garage Door
OHSU-CART,1111,0,12,18/7/2018 15:24,18/7/2018 15:24,4,19,Bedroom 1,Hallway 1
OHSU-CART,1111,0,12,18/7/2018 15:24,18/7/2018 15:24,1,4,Bathroom 1,Bedroom 1
OHSU-CART,1111,0,12,18/7/2018 15:24,18/7/2018 15:24,13,57,Dining Room 1,Back Door
OHSU-CART,1111,0,12,18/7/2018 15:24,18/7/2018 15:24,13,19,Dining Room 1,Hallway 1
OHSU-CART,1111,0,12,18/7/2018 15:24,18/7/2018 15:24,13,23,Dining Room 1,Kitchen 1
OHSU-CART,1111,0,12,18/7/2018 15:24,18/7/2018 15:24,29,56,Living Room 1,Front Door
OHSU-CART,1111,0,12,18/7/2018 15:24,18/7/2018 15:24,23,29,Kitchen 1,Living Room 1
OHSU-CART,1111,0,12,18/7/2018 15:24,18/7/2018 15:24,19,29,Hallway 1,Living Room 1
OHSU-CART,1111,0,12,18/7/2018 15:24,18/7/2018 15:24,5,19,Bedroom 2,Hallway 1
OHSU-CART,1111,0,12,18/7/2018 15:24,18/7/2018 15:24,19,33,Hallway 1,Office 1
OHSU-CART,1111,0,12,18/7/2018 15:24,18/7/2018 15:24,2,19,Bathroom 2,Hallway 1
OHSU-CART,1111,0,12,18/7/2018 15:24,18/7/2018 15:24,19,63,Hallway 1,Sensor Line
OHSU-CART,1111,0,13,18/7/2018 15:24,18/7/2018 15:24,29,56,Living Room 1,Front Door
OHSU-CART,1111,0,13,18/7/2018 15:24,18/7/2018 15:24,29,61,Living Room 1,Garage Door
OHSU-CART,1111,0,13,18/7/2018 15:24,18/7/2018 15:24,1,4,Bathroom 1,Bedroom 1
OHSU-CART,1111,0,13,18/7/2018 15:24,18/7/2018 15:24,4,19,Bedroom 1,Hallway 1
OHSU-CART,1111,0,13,18/7/2018 15:24,18/7/2018 15:24,5,19,Bedroom 2,Hallway 1
OHSU-CART,1111,0,13,18/7/2018 15:24,18/7/2018 15:24,19,33,Hallway 1,Office 1
OHSU-CART,1111,0,13,18/7/2018 15:24,18/7/2018 15:24,2,19,Bathroom 2,Hallway 1
OHSU-CART,1111,0,13,18/7/2018 15:24,18/7/2018 15:24,19,63,Hallway 1,Sensor Line
OHSU-CART,1111,0,13,18/7/2018 15:24,18/7/2018 15:24,19,29,Hallway 1,Living Room 1
OHSU-CART,1111,0,13,18/7/2018 15:24,18/7/2018 15:24,13,19,Dining Room 1,Hallway 1
OHSU-CART,1111,0,13,18/7/2018 15:24,18/7/2018 15:24,13,23,Dining Room 1,Kitchen 1
OHSU-CART,1111,0,13,18/7/2018 15:24,18/7/2018 15:24,23,29,Kitchen 1,Living Room 1
OHSU-CART,1111,0,13,18/7/2018 15:24,18/7/2018 15:24,13,57,Dining Room 1,Back Door
OHSU-CART,1111,0,14,18/7/2018 15:24,18/7/2018 15:24,2,19,Bathroom 2,Hallway 1
OHSU-CART,1111,0,14,18/7/2018 15:24,18/7/2018 15:24,23,29,Kitchen 1,Living Room 1
OHSU-CART,1111,0,14,18/7/2018 15:24,18/7/2018 15:24,19,29,Hallway 1,Living Room 1
OHSU-CART,1111,0,14,18/7/2018 15:24,18/7/2018 15:24,29,61,Living Room 1,Garage Door
OHSU-CART,1111,0,14,18/7/2018 15:24,18/7/2018 15:24,29,56,Living Room 1,Front Door
OHSU-CART,1111,0,14,18/7/2018 15:24,18/7/2018 15:24,13,19,Dining Room 1,Hallway 1
OHSU-CART,1111,0,14,18/7/2018 15:24,18/7/2018 15:24,13,57,Dining Room 1,Back Door
OHSU-CART,1111,0,14,18/7/2018 15:24,18/7/2018 15:24,13,23,Dining Room 1,Kitchen 1
OHSU-CART,1111,0,14,18/7/2018 15:24,18/7/2018 15:24,1,4,Bathroom 1,Bedroom 1
OHSU-CART,1111,0,14,18/7/2018 15:24,18/7/2018 15:24,4,19,Bedroom 1,Hallway 1
OHSU-CART,1111,0,14,18/7/2018 15:24,18/7/2018 15:24,19,33,Hallway 1,Office 1
OHSU-CART,1111,0,14,18/7/2018 15:24,18/7/2018 15:24,19,63,Hallway 1,Sensor Line
OHSU-CART,1111,0,14,18/7/2018 15:24,18/7/2018 15:24,5,19,Bedroom 2,Hallway 1
OHSU-CART,1111,0,15,18/7/2018 15:24,18/7/2018 15:24,19,63,Hallway 1,Sensor Line
OHSU-CART,1111,0,15,18/7/2018 15:24,18/7/2018 15:24,19,33,Hallway 1,Office 1
OHSU-CART,1111,0,15,18/7/2018 15:24,18/7/2018 15:24,29,56,Living Room 1,Front Door
OHSU-CART,1111,0,15,18/7/2018 15:24,18/7/2018 15:24,13,19,Dining Room 1,Hallway 1
OHSU-CART,1111,0,15,18/7/2018 15:24,18/7/2018 15:24,13,23,Dining Room 1,Kitchen 1
OHSU-CART,1111,0,15,18/7/2018 15:24,18/7/2018 15:24,13,57,Dining Room 1,Back Door
OHSU-CART,1111,0,15,18/7/2018 15:24,18/7/2018 15:24,23,29,Kitchen 1,Living Room 1
OHSU-CART,1111,0,15,18/7/2018 15:24,18/7/2018 15:24,19,29,Hallway 1,Living Room 1
OHSU-CART,1111,0,15,18/7/2018 15:24,18/7/2018 15:24,29,61,Living Room 1,Garage Door
OHSU-CART,1111,0,15,18/7/2018 15:24,18/7/2018 15:24,2,19,Bathroom 2,Hallway 1
OHSU-CART,1111,0,15,18/7/2018 15:24,18/7/2018 15:24,4,19,Bedroom 1,Hallway 1
OHSU-CART,1111,0,15,18/7/2018 15:24,18/7/2018 15:24,5,19,Bedroom 2,Hallway 1
OHSU-CART,1111,0,15,18/7/2018 15:24,18/7/2018 15:24,1,4,Bathroom 1,Bedroom 1
OHSU-CART,1111,0,16,18/7/2018 15:24,18/7/2018 15:24,2,19,Bathroom 2,Hallway 1
OHSU-CART,1111,0,16,18/7/2018 15:24,18/7/2018 15:24,4,19,Bedroom 1,Hallway 1
OHSU-CART,1111,0,16,18/7/2018 15:24,18/7/2018 15:24,5,19,Bedroom 2,Hallway 1
OHSU-CART,1111,0,16,18/7/2018 15:24,18/7/2018 15:24,19,33,Hallway 1,Office 1
OHSU-CART,1111,0,16,18/7/2018 15:24,18/7/2018 15:24,13,19,Dining Room 1,Hallway 1
OHSU-CART,1111,0,16,18/7/2018 15:24,18/7/2018 15:24,19,29,Hallway 1,Living Room 1
OHSU-CART,1111,0,16,18/7/2018 15:24,18/7/2018 15:24,19,63,Hallway 1,Sensor Line
OHSU-CART,1111,0,16,18/7/2018 15:24,18/7/2018 15:24,13,57,Dining Room 1,Back Door
OHSU-CART,1111,0,16,18/7/2018 15:24,18/7/2018 15:24,1,4,Bathroom 1,Bedroom 1
OHSU-CART,1111,0,16,18/7/2018 15:24,18/7/2018 15:24,29,61,Living Room 1,Garage Door
OHSU-CART,1111,0,16,18/7/2018 15:24,18/7/2018 15:24,23,29,Kitchen 1,Living Room 1
OHSU-CART,1111,0,16,18/7/2018 15:24,18/7/2018 15:24,29,56,Living Room 1,Front Door
OHSU-CART,1111,0,16,18/7/2018 15:24,18/7/2018 15:24,13,23,Dining Room 1,Kitchen 1
OHSU-CART,1111,0,17,18/7/2018 15:24,18/7/2018 15:24,13,57,Dining Room 1,Back Door
OHSU-CART,1111,0,17,18/7/2018 15:24,18/7/2018 15:24,1,4,Bathroom 1,Bedroom 1
OHSU-CART,1111,0,17,18/7/2018 15:24,18/7/2018 15:24,29,61,Living Room 1,Garage Door
OHSU-CART,1111,0,17,18/7/2018 15:24,18/7/2018 15:24,19,63,Hallway 1,Sensor Line
OHSU-CART,1111,0,17,18/7/2018 15:24,18/7/2018 15:24,29,56,Living Room 1,Front Door
OHSU-CART,1111,0,17,18/7/2018 15:24,18/7/2018 15:24,23,29,Kitchen 1,Living Room 1
OHSU-CART,1111,0,17,18/7/2018 15:24,18/7/2018 15:24,19,29,Hallway 1,Living Room 1
OHSU-CART,1111,0,17,18/7/2018 15:24,18/7/2018 15:24,4,19,Bedroom 1,Hallway 1
OHSU-CART,1111,0,17,18/7/2018 15:24,18/7/2018 15:24,5,19,Bedroom 2,Hallway 1
OHSU-CART,1111,0,17,18/7/2018 15:24,18/7/2018 15:24,19,33,Hallway 1,Office 1
OHSU-CART,1111,0,17,18/7/2018 15:24,18/7/2018 15:24,2,19,Bathroom 2,Hallway 1
OHSU-CART,1111,0,17,18/7/2018 15:24,18/7/2018 15:24,13,19,Dining Room 1,Hallway 1
OHSU-CART,1111,0,17,18/7/2018 15:24,18/7/2018 15:24,13,23,Dining Room 1,Kitchen 1
OHSU-CART,1111,0,18,18/7/2018 15:23,18/7/2018 15:24,1,4,Bathroom 1,Bedroom 1
OHSU-CART,1111,0,18,18/7/2018 15:23,18/7/2018 15:24,29,61,Living Room 1,Garage Door
OHSU-CART,1111,0,18,18/7/2018 15:23,18/7/2018 15:24,13,57,Dining Room 1,Back Door
OHSU-CART,1111,0,18,18/7/2018 15:23,18/7/2018 15:24,29,56,Living Room 1,Front Door
OHSU-CART,1111,0,18,18/7/2018 15:23,18/7/2018 15:24,4,19,Bedroom 1,Hallway 1
OHSU-CART,1111,0,18,18/7/2018 15:23,18/7/2018 15:24,5,19,Bedroom 2,Hallway 1
OHSU-CART,1111,0,18,18/7/2018 15:23,18/7/2018 15:24,13,23,Dining Room 1,Kitchen 1
OHSU-CART,1111,0,18,18/7/2018 15:23,18/7/2018 15:24,23,29,Kitchen 1,Living Room 1
OHSU-CART,1111,0,18,18/7/2018 15:23,18/7/2018 15:24,2,19,Bathroom 2,Hallway 1
OHSU-CART,1111,0,18,18/7/2018 15:23,18/7/2018 15:24,13,19,Dining Room 1,Hallway 1
OHSU-CART,1111,0,18,18/7/2018 15:23,18/7/2018 15:24,19,63,Hallway 1,Sensor Line
OHSU-CART,1111,0,18,18/7/2018 15:23,18/7/2018 15:24,19,33,Hallway 1,Office 1
OHSU-CART,1111,0,18,18/7/2018 15:23,18/7/2018 15:24,19,29,Hallway 1,Living Room 1
OHSU-CART,1111,0,19,18/7/2018 15:23,18/7/2018 15:23,29,56,Living Room 1,Front Door
OHSU-CART,1111,0,19,18/7/2018 15:23,18/7/2018 15:23,13,57,Dining Room 1,Back Door
OHSU-CART,1111,0,19,18/7/2018 15:23,18/7/2018 15:23,2,19,Bathroom 2,Hallway 1
OHSU-CART,1111,0,19,18/7/2018 15:23,18/7/2018 15:23,4,19,Bedroom 1,Hallway 1
OHSU-CART,1111,0,19,18/7/2018 15:23,18/7/2018 15:23,1,4,Bathroom 1,Bedroom 1
OHSU-CART,1111,0,19,18/7/2018 15:23,18/7/2018 15:23,13,23,Dining Room 1,Kitchen 1
OHSU-CART,1111,0,19,18/7/2018 15:23,18/7/2018 15:23,23,29,Kitchen 1,Living Room 1
OHSU-CART,1111,0,19,18/7/2018 15:23,18/7/2018 15:23,5,19,Bedroom 2,Hallway 1
OHSU-CART,1111,0,19,18/7/2018 15:23,18/7/2018 15:23,19,63,Hallway 1,Sensor Line
OHSU-CART,1111,0,19,18/7/2018 15:23,18/7/2018 15:23,29,61,Living Room 1,Garage Door
OHSU-CART,1111,0,19,18/7/2018 15:23,18/7/2018 15:23,19,29,Hallway 1,Living Room 1
OHSU-CART,1111,0,19,18/7/2018 15:23,18/7/2018 15:23,13,19,Dining Room 1,Hallway 1
OHSU-CART,1111,0,19,18/7/2018 15:23,18/7/2018 15:23,19,33,Hallway 1,Office 1
OHSU-CART,1111,0,20,18/7/2018 15:23,18/7/2018 15:23,13,57,Dining Room 1,Back Door
OHSU-CART,1111,0,20,18/7/2018 15:23,18/7/2018 15:23,2,19,Bathroom 2,Hallway 1
OHSU-CART,1111,0,20,18/7/2018 15:23,18/7/2018 15:23,4,19,Bedroom 1,Hallway 1
OHSU-CART,1111,0,20,18/7/2018 15:23,18/7/2018 15:23,5,19,Bedroom 2,Hallway 1
OHSU-CART,1111,0,20,18/7/2018 15:23,18/7/2018 15:23,19,29,Hallway 1,Living Room 1
OHSU-CART,1111,0,20,18/7/2018 15:23,18/7/2018 15:23,19,63,Hallway 1,Sensor Line
OHSU-CART,1111,0,20,18/7/2018 15:23,18/7/2018 15:23,19,33,Hallway 1,Office 1
OHSU-CART,1111,0,20,18/7/2018 15:23,18/7/2018 15:23,13,19,Dining Room 1,Hallway 1
OHSU-CART,1111,0,20,18/7/2018 15:23,18/7/2018 15:23,13,23,Dining Room 1,Kitchen 1
OHSU-CART,1111,0,20,18/7/2018 15:23,18/7/2018 15:23,1,4,Bathroom 1,Bedroom 1
OHSU-CART,1111,0,20,18/7/2018 15:23,18/7/2018 15:23,29,61,Living Room 1,Garage Door
OHSU-CART,1111,0,20,18/7/2018 15:23,18/7/2018 15:23,29,56,Living Room 1,Front Door
OHSU-CART,1111,0,20,18/7/2018 15:23,18/7/2018 15:23,23,29,Kitchen 1,Living Room 1
OHSU-CART,1111,0,21,18/7/2018 15:22,18/7/2018 15:23,29,61,Living Room 1,Garage Door
OHSU-CART,1111,0,21,18/7/2018 15:22,18/7/2018 15:23,5,19,Bedroom 2,Hallway 1
OHSU-CART,1111,0,21,18/7/2018 15:22,18/7/2018 15:23,29,56,Living Room 1,Front Door
OHSU-CART,1111,0,21,18/7/2018 15:22,18/7/2018 15:23,13,23,Dining Room 1,Kitchen 1
OHSU-CART,1111,0,21,18/7/2018 15:22,18/7/2018 15:23,23,29,Kitchen 1,Living Room 1
OHSU-CART,1111,0,21,18/7/2018 15:22,18/7/2018 15:23,2,19,Bathroom 2,Hallway 1
OHSU-CART,1111,0,21,18/7/2018 15:22,18/7/2018 15:23,4,19,Bedroom 1,Hallway 1
OHSU-CART,1111,0,21,18/7/2018 15:22,18/7/2018 15:23,19,63,Hallway 1,Sensor Line
OHSU-CART,1111,0,21,18/7/2018 15:22,18/7/2018 15:23,19,29,Hallway 1,Living Room 1
OHSU-CART,1111,0,21,18/7/2018 15:22,18/7/2018 15:23,19,33,Hallway 1,Office 1
OHSU-CART,1111,0,21,18/7/2018 15:22,18/7/2018 15:23,13,19,Dining Room 1,Hallway 1
OHSU-CART,1111,0,21,18/7/2018 15:22,18/7/2018 15:23,1,4,Bathroom 1,Bedroom 1
OHSU-CART,1111,0,21,18/7/2018 15:22,18/7/2018 15:23,13,57,Dining Room 1,Back Door
OHSU-CART,1111,0,22,18/7/2018 15:22,18/7/2018 15:22,19,63,Hallway 1,Sensor Line
OHSU-CART,1111,0,22,18/7/2018 15:22,18/7/2018 15:22,23,29,Kitchen 1,Living Room 1
OHSU-CART,1111,0,22,18/7/2018 15:22,18/7/2018 15:22,19,29,Hallway 1,Living Room 1
OHSU-CART,1111,0,22,18/7/2018 15:22,18/7/2018 15:22,29,56,Living Room 1,Front Door
OHSU-CART,1111,0,22,18/7/2018 15:22,18/7/2018 15:22,29,61,Living Room 1,Garage Door
OHSU-CART,1111,0,22,18/7/2018 15:22,18/7/2018 15:22,2,19,Bathroom 2,Hallway 1
OHSU-CART,1111,0,22,18/7/2018 15:22,18/7/2018 15:22,5,19,Bedroom 2,Hallway 1
OHSU-CART,1111,0,22,18/7/2018 15:22,18/7/2018 15:22,4,19,Bedroom 1,Hallway 1
OHSU-CART,1111,0,22,18/7/2018 15:22,18/7/2018 15:22,1,4,Bathroom 1,Bedroom 1
OHSU-CART,1111,0,22,18/7/2018 15:22,18/7/2018 15:22,13,19,Dining Room 1,Hallway 1
OHSU-CART,1111,0,22,18/7/2018 15:22,18/7/2018 15:22,13,23,Dining Room 1,Kitchen 1
OHSU-CART,1111,0,22,18/7/2018 15:22,18/7/2018 15:22,13,57,Dining Room 1,Back Door
OHSU-CART,1111,0,22,18/7/2018 15:22,18/7/2018 15:22,19,33,Hallway 1,Office 1
OHSU-CART,1111,0,23,18/7/2018 15:22,18/7/2018 15:22,13,19,Dining Room 1,Hallway 1
OHSU-CART,1111,0,23,18/7/2018 15:22,18/7/2018 15:22,13,23,Dining Room 1,Kitchen 1
OHSU-CART,1111,0,23,18/7/2018 15:22,18/7/2018 15:22,13,57,Dining Room 1,Back Door
OHSU-CART,1111,0,23,18/7/2018 15:22,18/7/2018 15:22,4,19,Bedroom 1,Hallway 1
OHSU-CART,1111,0,23,18/7/2018 15:22,18/7/2018 15:22,1,4,Bathroom 1,Bedroom 1
OHSU-CART,1111,0,23,18/7/2018 15:22,18/7/2018 15:22,2,19,Bathroom 2,Hallway 1
OHSU-CART,1111,0,23,18/7/2018 15:22,18/7/2018 15:22,29,61,Living Room 1,Garage Door
OHSU-CART,1111,0,23,18/7/2018 15:22,18/7/2018 15:22,23,29,Kitchen 1,Living Room 1
OHSU-CART,1111,0,23,18/7/2018 15:22,18/7/2018 15:22,19,29,Hallway 1,Living Room 1
OHSU-CART,1111,0,23,18/7/2018 15:22,18/7/2018 15:22,29,56,Living Room 1,Front Door
OHSU-CART,1111,0,23,18/7/2018 15:22,18/7/2018 15:22,19,63,Hallway 1,Sensor Line
OHSU-CART,1111,0,23,18/7/2018 15:22,18/7/2018 15:22,19,33,Hallway 1,Office 1
OHSU-CART,1111,0,23,18/7/2018 15:22,18/7/2018 15:22,5,19,Bedroom 2,Hallway 1
OHSU-CART,1111,0,24,18/7/2018 15:22,18/7/2018 15:22,29,61,Living Room 1,Garage Door
OHSU-CART,1111,0,24,18/7/2018 15:22,18/7/2018 15:22,4,19,Bedroom 1,Hallway 1
OHSU-CART,1111,0,24,18/7/2018 15:22,18/7/2018 15:22,1,4,Bathroom 1,Bedroom 1
OHSU-CART,1111,0,24,18/7/2018 15:22,18/7/2018 15:22,2,19,Bathroom 2,Hallway 1
OHSU-CART,1111,0,24,18/7/2018 15:22,18/7/2018 15:22,29,56,Living Room 1,Front Door
OHSU-CART,1111,0,24,18/7/2018 15:22,18/7/2018 15:22,5,19,Bedroom 2,Hallway 1
OHSU-CART,1111,0,24,18/7/2018 15:22,18/7/2018 15:22,13,23,Dining Room 1,Kitchen 1
OHSU-CART,1111,0,24,18/7/2018 15:22,18/7/2018 15:22,23,29,Kitchen 1,Living Room 1
OHSU-CART,1111,0,24,18/7/2018 15:22,18/7/2018 15:22,19,33,Hallway 1,Office 1
OHSU-CART,1111,0,24,18/7/2018 15:22,18/7/2018 15:22,13,19,Dining Room 1,Hallway 1
OHSU-CART,1111,0,24,18/7/2018 15:22,18/7/2018 15:22,19,29,Hallway 1,Living Room 1
OHSU-CART,1111,0,24,18/7/2018 15:22,18/7/2018 15:22,19,63,Hallway 1,Sensor Line
OHSU-CART,1111,0,24,18/7/2018 15:22,18/7/2018 15:22,13,57,Dining Room 1,Back Door
OHSU-CART,1111,0,25,18/7/2018 15:22,18/7/2018 15:22,1,4,Bathroom 1,Bedroom 1
OHSU-CART,1111,0,25,18/7/2018 15:22,18/7/2018 15:22,2,19,Bathroom 2,Hallway 1
OHSU-CART,1111,0,25,18/7/2018 15:22,18/7/2018 15:22,4,19,Bedroom 1,Hallway 1
OHSU-CART,1111,0,25,18/7/2018 15:22,18/7/2018 15:22,5,19,Bedroom 2,Hallway 1
OHSU-CART,1111,0,25,18/7/2018 15:22,18/7/2018 15:22,13,19,Dining Room 1,Hallway 1
OHSU-CART,1111,0,25,18/7/2018 15:22,18/7/2018 15:22,19,29,Hallway 1,Living Room 1
OHSU-CART,1111,0,25,18/7/2018 15:22,18/7/2018 15:22,19,33,Hallway 1,Office 1
OHSU-CART,1111,0,25,18/7/2018 15:22,18/7/2018 15:22,19,63,Hallway 1,Sensor Line
OHSU-CART,1111,0,25,18/7/2018 15:22,18/7/2018 15:22,29,56,Living Room 1,Front Door
OHSU-CART,1111,0,25,18/7/2018 15:22,18/7/2018 15:22,13,23,Dining Room 1,Kitchen 1
OHSU-CART,1111,0,25,18/7/2018 15:22,18/7/2018 15:22,23,29,Kitchen 1,Living Room 1
OHSU-CART,1111,0,25,18/7/2018 15:22,18/7/2018 15:22,29,61,Living Room 1,Garage Door
OHSU-CART,1111,0,25,18/7/2018 15:22,18/7/2018 15:22,13,57,Dining Room 1,Back Door
OHSU-CART,1111,0,26,18/7/2018 15:22,18/7/2018 15:22,13,19,Dining Room 1,Hallway 1
OHSU-CART,1111,0,26,18/7/2018 15:22,18/7/2018 15:22,13,23,Dining Room 1,Kitchen 1
OHSU-CART,1111,0,26,18/7/2018 15:22,18/7/2018 15:22,13,57,Dining Room 1,Back Door
OHSU-CART,1111,0,26,18/7/2018 15:22,18/7/2018 15:22,29,56,Living Room 1,Front Door
OHSU-CART,1111,0,26,18/7/2018 15:22,18/7/2018 15:22,2,19,Bathroom 2,Hallway 1
OHSU-CART,1111,0,26,18/7/2018 15:22,18/7/2018 15:22,4,19,Bedroom 1,Hallway 1
OHSU-CART,1111,0,26,18/7/2018 15:22,18/7/2018 15:22,5,19,Bedroom 2,Hallway 1
OHSU-CART,1111,0,26,18/7/2018 15:22,18/7/2018 15:22,19,29,Hallway 1,Living Room 1
OHSU-CART,1111,0,26,18/7/2018 15:22,18/7/2018 15:22,19,63,Hallway 1,Sensor Line
OHSU-CART,1111,0,26,18/7/2018 15:22,18/7/2018 15:22,19,33,Hallway 1,Office 1
OHSU-CART,1111,0,26,18/7/2018 15:22,18/7/2018 15:22,1,4,Bathroom 1,Bedroom 1
OHSU-CART,1111,0,26,18/7/2018 15:22,18/7/2018 15:22,29,61,Living Room 1,Garage Door
OHSU-CART,1111,0,26,18/7/2018 15:22,18/7/2018 15:22,23,29,Kitchen 1,Living Room 1
OHSU-CART,1111,0,27,18/7/2018 15:22,18/7/2018 15:22,29,61,Living Room 1,Garage Door
OHSU-CART,1111,0,27,18/7/2018 15:22,18/7/2018 15:22,2,19,Bathroom 2,Hallway 1
OHSU-CART,1111,0,27,18/7/2018 15:22,18/7/2018 15:22,4,19,Bedroom 1,Hallway 1
OHSU-CART,1111,0,27,18/7/2018 15:22,18/7/2018 15:22,5,19,Bedroom 2,Hallway 1
OHSU-CART,1111,0,27,18/7/2018 15:22,18/7/2018 15:22,13,19,Dining Room 1,Hallway 1
OHSU-CART,1111,0,27,18/7/2018 15:22,18/7/2018 15:22,19,63,Hallway 1,Sensor Line
OHSU-CART,1111,0,27,18/7/2018 15:22,18/7/2018 15:22,19,33,Hallway 1,Office 1
OHSU-CART,1111,0,27,18/7/2018 15:22,18/7/2018 15:22,19,29,Hallway 1,Living Room 1
OHSU-CART,1111,0,27,18/7/2018 15:22,18/7/2018 15:22,13,57,Dining Room 1,Back Door
OHSU-CART,1111,0,27,18/7/2018 15:22,18/7/2018 15:22,23,29,Kitchen 1,Living Room 1
OHSU-CART,1111,0,27,18/7/2018 15:22,18/7/2018 15:22,29,56,Living Room 1,Front Door
OHSU-CART,1111,0,27,18/7/2018 15:22,18/7/2018 15:22,1,4,Bathroom 1,Bedroom 1
OHSU-CART,1111,0,27,18/7/2018 15:22,18/7/2018 15:22,13,23,Dining Room 1,Kitchen 1
OHSU-CART,1111,0,28,18/7/2018 15:22,18/7/2018 15:22,5,19,Bedroom 2,Hallway 1
OHSU-CART,1111,0,28,18/7/2018 15:22,18/7/2018 15:22,2,19,Bathroom 2,Hallway 1
OHSU-CART,1111,0,28,18/7/2018 15:22,18/7/2018 15:22,23,29,Kitchen 1,Living Room 1
OHSU-CART,1111,0,28,18/7/2018 15:22,18/7/2018 15:22,19,29,Hallway 1,Living Room 1
OHSU-CART,1111,0,28,18/7/2018 15:22,18/7/2018 15:22,29,61,Living Room 1,Garage Door
OHSU-CART,1111,0,28,18/7/2018 15:22,18/7/2018 15:22,29,56,Living Room 1,Front Door
OHSU-CART,1111,0,28,18/7/2018 15:22,18/7/2018 15:22,19,63,Hallway 1,Sensor Line
OHSU-CART,1111,0,28,18/7/2018 15:22,18/7/2018 15:22,19,33,Hallway 1,Office 1
OHSU-CART,1111,0,28,18/7/2018 15:22,18/7/2018 15:22,13,57,Dining Room 1,Back Door
OHSU-CART,1111,0,28,18/7/2018 15:22,18/7/2018 15:22,1,4,Bathroom 1,Bedroom 1
OHSU-CART,1111,0,28,18/7/2018 15:22,18/7/2018 15:22,13,19,Dining Room 1,Hallway 1
OHSU-CART,1111,0,28,18/7/2018 15:22,18/7/2018 15:22,13,23,Dining Room 1,Kitchen 1
OHSU-CART,1111,0,28,18/7/2018 15:22,18/7/2018 15:22,4,19,Bedroom 1,Hallway 1
OHSU-CART,1111,0,29,18/7/2018 15:22,18/7/2018 15:22,19,63,Hallway 1,Sensor Line
OHSU-CART,1111,0,29,18/7/2018 15:22,18/7/2018 15:22,5,19,Bedroom 2,Hallway 1
OHSU-CART,1111,0,29,18/7/2018 15:22,18/7/2018 15:22,19,33,Hallway 1,Office 1
OHSU-CART,1111,0,29,18/7/2018 15:22,18/7/2018 15:22,13,19,Dining Room 1,Hallway 1
OHSU-CART,1111,0,29,18/7/2018 15:22,18/7/2018 15:22,13,57,Dining Room 1,Back Door
OHSU-CART,1111,0,29,18/7/2018 15:22,18/7/2018 15:22,13,23,Dining Room 1,Kitchen 1
OHSU-CART,1111,0,29,18/7/2018 15:22,18/7/2018 15:22,2,19,Bathroom 2,Hallway 1
OHSU-CART,1111,0,29,18/7/2018 15:22,18/7/2018 15:22,4,19,Bedroom 1,Hallway 1
OHSU-CART,1111,0,29,18/7/2018 15:22,18/7/2018 15:22,19,29,Hallway 1,Living Room 1
OHSU-CART,1111,0,29,18/7/2018 15:22,18/7/2018 15:22,29,56,Living Room 1,Front Door
OHSU-CART,1111,0,29,18/7/2018 15:22,18/7/2018 15:22,1,4,Bathroom 1,Bedroom 1
OHSU-CART,1111,0,29,18/7/2018 15:22,18/7/2018 15:22,23,29,Kitchen 1,Living Room 1
OHSU-CART,1111,0,29,18/7/2018 15:22,18/7/2018 15:22,29,61,Living Room 1,Garage Door
OHSU-CART,1111,0,30,18/7/2018 15:22,18/7/2018 15:22,19,63,Hallway 1,Sensor Line
OHSU-CART,1111,0,30,18/7/2018 15:22,18/7/2018 15:22,5,19,Bedroom 2,Hallway 1
OHSU-CART,1111,0,30,18/7/2018 15:22,18/7/2018 15:22,23,29,Kitchen 1,Living Room 1
OHSU-CART,1111,0,30,18/7/2018 15:22,18/7/2018 15:22,19,29,Hallway 1,Living Room 1
OHSU-CART,1111,0,30,18/7/2018 15:22,18/7/2018 15:22,29,56,Living Room 1,Front Door
OHSU-CART,1111,0,30,18/7/2018 15:22,18/7/2018 15:22,29,61,Living Room 1,Garage Door
OHSU-CART,1111,0,30,18/7/2018 15:22,18/7/2018 15:22,13,19,Dining Room 1,Hallway 1
OHSU-CART,1111,0,30,18/7/2018 15:22,18/7/2018 15:22,13,23,Dining Room 1,Kitchen 1
OHSU-CART,1111,0,30,18/7/2018 15:22,18/7/2018 15:22,13,57,Dining Room 1,Back Door
OHSU-CART,1111,0,30,18/7/2018 15:22,18/7/2018 15:22,19,33,Hallway 1,Office 1
OHSU-CART,1111,0,30,18/7/2018 15:22,18/7/2018 15:22,1,4,Bathroom 1,Bedroom 1
OHSU-CART,1111,0,30,18/7/2018 15:22,18/7/2018 15:22,2,19,Bathroom 2,Hallway 1
OHSU-CART,1111,0,30,18/7/2018 15:22,18/7/2018 15:22,4,19,Bedroom 1,Hallway 1
OHSU-CART,1111,0,31,18/7/2018 15:21,18/7/2018 15:22,13,23,Dining Room 1,Kitchen 1
OHSU-CART,1111,0,31,18/7/2018 15:21,18/7/2018 15:22,23,29,Kitchen 1,Living Room 1
OHSU-CART,1111,0,31,18/7/2018 15:21,18/7/2018 15:22,2,19,Bathroom 2,Hallway 1
OHSU-CART,1111,0,31,18/7/2018 15:21,18/7/2018 15:22,4,19,Bedroom 1,Hallway 1
OHSU-CART,1111,0,31,18/7/2018 15:21,18/7/2018 15:22,5,19,Bedroom 2,Hallway 1
OHSU-CART,1111,0,31,18/7/2018 15:21,18/7/2018 15:22,19,33,Hallway 1,Office 1
OHSU-CART,1111,0,31,18/7/2018 15:21,18/7/2018 15:22,13,19,Dining Room 1,Hallway 1
OHSU-CART,1111,0,31,18/7/2018 15:21,18/7/2018 15:22,19,29,Hallway 1,Living Room 1
OHSU-CART,1111,0,31,18/7/2018 15:21,18/7/2018 15:22,19,63,Hallway 1,Sensor Line
OHSU-CART,1111,0,31,18/7/2018 15:21,18/7/2018 15:22,13,57,Dining Room 1,Back Door
OHSU-CART,1111,0,31,18/7/2018 15:21,18/7/2018 15:22,29,56,Living Room 1,Front Door
OHSU-CART,1111,0,31,18/7/2018 15:21,18/7/2018 15:22,1,4,Bathroom 1,Bedroom 1
OHSU-CART,1111,0,31,18/7/2018 15:21,18/7/2018 15:22,29,61,Living Room 1,Garage Door
OHSU-CART,1111,0,32,18/7/2018 15:21,18/7/2018 15:21,4,19,Bedroom 1,Hallway 1
OHSU-CART,1111,0,32,18/7/2018 15:21,18/7/2018 15:21,1,4,Bathroom 1,Bedroom 1
OHSU-CART,1111,0,32,18/7/2018 15:21,18/7/2018 15:21,29,56,Living Room 1,Front Door
OHSU-CART,1111,0,32,18/7/2018 15:21,18/7/2018 15:21,13,23,Dining Room 1,Kitchen 1
OHSU-CART,1111,0,32,18/7/2018 15:21,18/7/2018 15:21,23,29,Kitchen 1,Living Room 1
OHSU-CART,1111,0,32,18/7/2018 15:21,18/7/2018 15:21,2,19,Bathroom 2,Hallway 1
OHSU-CART,1111,0,32,18/7/2018 15:21,18/7/2018 15:21,19,63,Hallway 1,Sensor Line
OHSU-CART,1111,0,32,18/7/2018 15:21,18/7/2018 15:21,29,61,Living Room 1,Garage Door
OHSU-CART,1111,0,32,18/7/2018 15:21,18/7/2018 15:21,13,57,Dining Room 1,Back Door
OHSU-CART,1111,0,32,18/7/2018 15:21,18/7/2018 15:21,5,19,Bedroom 2,Hallway 1
OHSU-CART,1111,0,32,18/7/2018 15:21,18/7/2018 15:21,19,29,Hallway 1,Living Room 1
OHSU-CART,1111,0,32,18/7/2018 15:21,18/7/2018 15:21,13,19,Dining Room 1,Hallway 1
OHSU-CART,1111,0,33,18/7/2018 15:21,18/7/2018 15:21,23,29,Kitchen 1,Living Room 1
OHSU-CART,1111,0,33,18/7/2018 15:21,18/7/2018 15:21,19,29,Hallway 1,Living Room 1
OHSU-CART,1111,0,33,18/7/2018 15:21,18/7/2018 15:21,29,56,Living Room 1,Front Door
OHSU-CART,1111,0,33,18/7/2018 15:21,18/7/2018 15:21,29,61,Living Room 1,Garage Door
OHSU-CART,1111,0,33,18/7/2018 15:21,18/7/2018 15:21,19,63,Hallway 1,Sensor Line
OHSU-CART,1111,0,33,18/7/2018 15:21,18/7/2018 15:21,5,19,Bedroom 2,Hallway 1
OHSU-CART,1111,0,33,18/7/2018 15:21,18/7/2018 15:21,2,19,Bathroom 2,Hallway 1
OHSU-CART,1111,0,33,18/7/2018 15:21,18/7/2018 15:21,4,19,Bedroom 1,Hallway 1
OHSU-CART,1111,0,33,18/7/2018 15:21,18/7/2018 15:21,13,19,Dining Room 1,Hallway 1
OHSU-CART,1111,0,33,18/7/2018 15:21,18/7/2018 15:21,13,23,Dining Room 1,Kitchen 1
OHSU-CART,1111,0,33,18/7/2018 15:21,18/7/2018 15:21,1,4,Bathroom 1,Bedroom 1
OHSU-CART,1111,0,33,18/7/2018 15:21,18/7/2018 15:21,13,57,Dining Room 1,Back Door
OHSU-CART,1111,0,34,18/7/2018 15:21,18/7/2018 15:21,13,19,Dining Room 1,Hallway 1
OHSU-CART,1111,0,34,18/7/2018 15:21,18/7/2018 15:21,13,23,Dining Room 1,Kitchen 1
OHSU-CART,1111,0,34,18/7/2018 15:21,18/7/2018 15:21,19,63,Hallway 1,Sensor Line
OHSU-CART,1111,0,34,18/7/2018 15:21,18/7/2018 15:21,23,29,Kitchen 1,Living Room 1
OHSU-CART,1111,0,34,18/7/2018 15:21,18/7/2018 15:21,19,29,Hallway 1,Living Room 1
OHSU-CART,1111,0,34,18/7/2018 15:21,18/7/2018 15:21,29,61,Living Room 1,Garage Door
OHSU-CART,1111,0,34,18/7/2018 15:21,18/7/2018 15:21,29,56,Living Room 1,Front Door
OHSU-CART,1111,0,34,18/7/2018 15:21,18/7/2018 15:21,5,19,Bedroom 2,Hallway 1
OHSU-CART,1111,0,34,18/7/2018 15:21,18/7/2018 15:21,1,4,Bathroom 1,Bedroom 1
OHSU-CART,1111,0,34,18/7/2018 15:21,18/7/2018 15:21,2,19,Bathroom 2,Hallway 1
OHSU-CART,1111,0,34,18/7/2018 15:21,18/7/2018 15:21,4,19,Bedroom 1,Hallway 1
OHSU-CART,1111,0,35,18/7/2018 15:20,18/7/2018 15:21,1,4,Bathroom 1,Bedroom 1
OHSU-CART,1111,0,35,18/7/2018 15:20,18/7/2018 15:21,4,19,Bedroom 1,Hallway 1
OHSU-CART,1111,0,35,18/7/2018 15:20,18/7/2018 15:21,19,63,Hallway 1,Sensor Line
OHSU-CART,1111,0,35,18/7/2018 15:20,18/7/2018 15:21,13,19,Dining Room 1,Hallway 1
OHSU-CART,1111,0,35,18/7/2018 15:20,18/7/2018 15:21,13,23,Dining Room 1,Kitchen 1
OHSU-CART,1111,0,35,18/7/2018 15:20,18/7/2018 15:21,23,29,Kitchen 1,Living Room 1
OHSU-CART,1111,0,35,18/7/2018 15:20,18/7/2018 15:21,29,56,Living Room 1,Front Door
OHSU-CART,1111,0,35,18/7/2018 15:20,18/7/2018 15:21,5,19,Bedroom 2,Hallway 1
OHSU-CART,1111,0,35,18/7/2018 15:20,18/7/2018 15:21,2,19,Bathroom 2,Hallway 1
OHSU-CART,1111,0,35,18/7/2018 15:20,18/7/2018 15:21,19,29,Hallway 1,Living Room 1
OHSU-CART,1111,0,36,18/7/2018 15:20,18/7/2018 15:20,4,19,Bedroom 1,Hallway 1
OHSU-CART,1111,0,36,18/7/2018 15:20,18/7/2018 15:20,23,29,Kitchen 1,Living Room 1
OHSU-CART,1111,0,36,18/7/2018 15:20,18/7/2018 15:20,19,29,Hallway 1,Living Room 1
OHSU-CART,1111,0,36,18/7/2018 15:20,18/7/2018 15:20,29,56,Living Room 1,Front Door
OHSU-CART,1111,0,36,18/7/2018 15:20,18/7/2018 15:20,19,63,Hallway 1,Sensor Line
OHSU-CART,1111,0,36,18/7/2018 15:20,18/7/2018 15:20,13,19,Dining Room 1,Hallway 1
OHSU-CART,1111,0,36,18/7/2018 15:20,18/7/2018 15:20,13,23,Dining Room 1,Kitchen 1
OHSU-CART,1111,0,36,18/7/2018 15:20,18/7/2018 15:20,5,19,Bedroom 2,Hallway 1
OHSU-CART,1111,0,36,18/7/2018 15:20,18/7/2018 15:20,2,19,Bathroom 2,Hallway 1
OHSU-CART,1111,0,37,18/7/2018 15:20,18/7/2018 15:20,13,23,Dining Room 1,Kitchen 1
OHSU-CART,1111,0,37,18/7/2018 15:20,18/7/2018 15:20,23,29,Kitchen 1,Living Room 1
OHSU-CART,1111,0,37,18/7/2018 15:20,18/7/2018 15:20,13,19,Dining Room 1,Hallway 1
OHSU-CART,1111,0,37,18/7/2018 15:20,18/7/2018 15:20,19,63,Hallway 1,Sensor Line
OHSU-CART,1111,0,37,18/7/2018 15:20,18/7/2018 15:20,5,19,Bedroom 2,Hallway 1
OHSU-CART,1111,0,37,18/7/2018 15:20,18/7/2018 15:20,29,56,Living Room 1,Front Door
OHSU-CART,1111,0,37,18/7/2018 15:20,18/7/2018 15:20,4,19,Bedroom 1,Hallway 1
OHSU-CART,1111,0,37,18/7/2018 15:20,18/7/2018 15:20,19,29,Hallway 1,Living Room 1
OHSU-CART,1111,0,38,18/7/2018 15:20,18/7/2018 15:20,19,63,Hallway 1,Sensor Line
OHSU-CART,1111,0,38,18/7/2018 15:20,18/7/2018 15:20,5,19,Bedroom 2,Hallway 1
OHSU-CART,1111,0,38,18/7/2018 15:20,18/7/2018 15:20,13,23,Dining Room 1,Kitchen 1
OHSU-CART,1111,0,38,18/7/2018 15:20,18/7/2018 15:20,23,29,Kitchen 1,Living Room 1
OHSU-CART,1111,0,38,18/7/2018 15:20,18/7/2018 15:20,13,19,Dining Room 1,Hallway 1
OHSU-CART,1111,0,38,18/7/2018 15:20,18/7/2018 15:20,29,56,Living Room 1,Front Door
OHSU-CART,1111,0,38,18/7/2018 15:20,18/7/2018 15:20,19,29,Hallway 1,Living Room 1
OHSU-CART,1111,0,39,18/7/2018 15:20,18/7/2018 15:20,23,29,Kitchen 1,Living Room 1
OHSU-CART,1111,0,39,18/7/2018 15:20,18/7/2018 15:20,19,29,Hallway 1,Living Room 1
OHSU-CART,1111,0,39,18/7/2018 15:20,18/7/2018 15:20,29,56,Living Room 1,Front Door
OHSU-CART,1111,0,39,18/7/2018 15:20,18/7/2018 15:20,13,19,Dining Room 1,Hallway 1
OHSU-CART,1111,0,39,18/7/2018 15:20,18/7/2018 15:20,13,23,Dining Room 1,Kitchen 1
OHSU-CART,1111,0,39,18/7/2018 15:20,18/7/2018 15:20,19,63,Hallway 1,Sensor Line
OHSU-CART,1111,0,40,18/7/2018 15:20,18/7/2018 15:20,13,19,Dining Room 1,Hallway 1
OHSU-CART,1111,0,40,18/7/2018 15:20,18/7/2018 15:20,19,29,Hallway 1,Living Room 1
OHSU-CART,1111,0,40,18/7/2018 15:20,18/7/2018 15:20,29,56,Living Room 1,Front Door
OHSU-CART,1111,0,40,18/7/2018 15:20,18/7/2018 15:20,23,29,Kitchen 1,Living Room 1
OHSU-CART,1111,0,40,18/7/2018 15:20,18/7/2018 15:20,13,23,Dining Room 1,Kitchen 1
OHSU-CART,1111,0,41,18/7/2018 15:19,18/7/2018 15:20,23,29,Kitchen 1,Living Room 1
OHSU-CART,1111,0,41,18/7/2018 15:19,18/7/2018 15:20,19,29,Hallway 1,Living Room 1
OHSU-CART,1111,0,41,18/7/2018 15:19,18/7/2018 15:20,29,56,Living Room 1,Front Door
OHSU-CART,1111,0,41,18/7/2018 15:19,18/7/2018 15:20,13,23,Dining Room 1,Kitchen 1
OHSU-CART,1111,0,42,18/7/2018 15:19,18/7/2018 15:19,19,29,Hallway 1,Living Room 1
OHSU-CART,1111,0,42,18/7/2018 15:19,18/7/2018 15:19,23,29,Kitchen 1,Living Room 1
OHSU-CART,1111,0,42,18/7/2018 15:19,18/7/2018 15:19,29,56,Living Room 1,Front Door
OHSU-CART,1111,0,43,18/7/2018 15:19,18/7/2018 15:19,19,29,Hallway 1,Living Room 1
OHSU-CART,1111,0,43,18/7/2018 15:19,18/7/2018 15:19,29,56,Living Room 1,Front Door
OHSU-CART,1111,0,44,18/7/2018 15:19,18/7/2018 15:19,29,56,Living Room 1,Front Door